extracted,words,segments_equiv,chunk_count,has_segment_ledger,twin_certified,needs_reread,bucket
freeman_photographers_vision.txt,68865,11,10,no,no,yes,chunked_not_certified
abloh_core_studio_lecture.txt,10287,2,3,no,no,no,chunked_not_certified
freeman_photographers_eye.txt,60656,10,10,yes,no,no,coverage_proven
sontag_on_photography.txt,54356,9,12,yes,no,no,coverage_proven
barthes_camera_lucida.txt,23912,4,10,no,no,yes,chunked_not_certified
stevens_avedon_something_personal.txt,246485,37,12,no,no,yes,chunked_not_certified
shore_nature_of_photographs.txt,7333,2,8,no,no,no,chunked_not_certified
art_book_1994_robert_frank_americans.txt,1218,1,2,no,no,no,chunked_not_certified
maisel_light_gesture_color.txt,21469,4,8,no,no,yes,chunked_not_certified
day_robert_franks_the_americans.txt,66502,10,10,no,no,yes,chunked_not_certified
talbot_herzog_modern_color.txt,1813,1,2,no,no,no,chunked_not_certified
dubiel_avedon_american_west_sartre.txt,2991,1,3,no,no,no,chunked_not_certified
szarkowski_eggleston_guide.txt,4984,1,6,no,no,no,chunked_not_certified
pour_your_heart_into_it_schultz.txt,107337,17,2,no,no,yes,chunked_not_certified
the_airbnb_story_gallagher.txt,87560,14,2,no,no,yes,chunked_not_certified
titan_rockefeller_chernow.txt,332866,50,3,no,no,yes,chunked_not_certified
sam_walton_made_in_america.txt,96353,15,4,no,no,yes,chunked_not_certified
elon_musk_isaacson.txt,204776,31,4,no,no,yes,chunked_not_certified
the_fish_that_ate_the_whale_cohen.txt,94096,15,2,no,no,yes,chunked_not_certified
super_pumped_uber_isaac.txt,125963,19,3,no,no,yes,chunked_not_certified
power_and_prediction_agrawal.txt,85838,13,7,no,no,yes,chunked_not_certified
competing_in_the_age_of_ai_iansiti.txt,80880,13,8,no,no,yes,chunked_not_certified
youtube_skool_doc.txt,196895,30,6,yes,no,no,coverage_proven
life_3_0_tegmark.txt,118085,18,8,no,no,yes,chunked_not_certified
automate_this_steiner.txt,84148,13,7,no,no,yes,chunked_not_certified
the_coming_wave_suleyman.txt,116084,18,9,no,no,yes,chunked_not_certified
ai_changed_everything.txt,14120,3,4,yes,no,no,coverage_proven
only_humans_need_apply_davenport.txt,97529,15,9,no,no,yes,chunked_not_certified
co_intelligence_mollick.txt,58122,9,9,no,no,yes,chunked_not_certified
sniped_os_knowledge_dump.txt,6086,1,6,yes,no,no,coverage_proven
human_plus_machine_daugherty.txt,61250,10,7,no,no,yes,chunked_not_certified
finding_your_edge.txt,1979,1,4,yes,no,no,coverage_proven
the_second_machine_age_brynjolfsson.txt,87231,14,7,no,no,yes,chunked_not_certified
course_work_1_thru_2.txt,26754,4,6,yes,no,no,coverage_proven
read_write_own_dixon.txt,82649,13,7,no,no,yes,chunked_not_certified
the_network_state_srinivasan.txt,121745,19,7,no,no,yes,chunked_not_certified
prediction_machines_agrawal.txt,75514,12,9,no,no,yes,chunked_not_certified
88_laws_winters.txt,20025,3,9,no,no,yes,chunked_not_certified
peak_ericsson_pool.txt,110138,17,4,no,no,yes,chunked_not_certified
talent_is_overrated_colvin.txt,74216,12,2,no,no,yes,chunked_not_certified
ways_of_seeing_berger.txt,22532,4,2,yes,no,no,coverage_proven
the_creative_act_rubin.txt,47357,8,3,no,no,yes,chunked_not_certified
almanack_naval_ravikant.txt,49356,8,12,yes,no,no,coverage_proven
unreasonable_hospitality_guidara.txt,85061,13,12,yes,no,no,coverage_proven
grant_chernow.txt,477787,72,8,no,no,yes,chunked_not_certified
washington_a_life_chernow.txt,434269,65,8,no,no,yes,chunked_not_certified
jonathan_livingston_seagull_bach.txt,8977,2,5,no,no,no,chunked_not_certified
beloved_morrison.txt,97915,15,9,no,no,yes,chunked_not_certified
the_checklist_manifesto_gawande.txt,56799,9,2,no,no,yes,chunked_not_certified
understanding_media_mcluhan.txt,121372,19,3,no,no,yes,chunked_not_certified
thinking_in_systems_meadows.txt,71197,11,4,yes,no,no,coverage_proven
the_fifth_discipline_senge.txt,142790,22,3,no,no,yes,chunked_not_certified
deluxe_thomas.txt,117693,18,4,no,no,yes,chunked_not_certified
the_luxury_strategy_kapferer.txt,125784,19,6,no,no,yes,chunked_not_certified
the_end_of_fashion_agins.txt,100393,15,3,no,no,yes,chunked_not_certified
empire_state_of_mind_greenburg.txt,58061,9,5,no,no,yes,chunked_not_certified
dilla_time_charnas.txt,161146,25,8,no,no,yes,chunked_not_certified
hurricanes_rick_ross.txt,69362,11,6,no,no,yes,chunked_not_certified
autobiography_of_gucci_mane.txt,78858,12,6,no,no,yes,chunked_not_certified
supreme_models_reynolds.txt,29843,5,3,no,no,yes,chunked_not_certified
decoded_jayz.txt,104537,16,7,no,no,yes,chunked_not_certified
the_big_payback_charnas.txt,254450,38,10,no,no,yes,chunked_not_certified
onward_schultz.txt,117893,18,12,no,no,yes,chunked_not_certified
games_people_play_berne.txt,50273,8,4,no,no,yes,chunked_not_certified
mans_search_for_meaning_frankl.txt,47250,8,5,no,no,yes,chunked_not_certified
innovators_dilemma_christensen.txt,80876,13,4,no,no,yes,chunked_not_certified
mom_test_fitzpatrick.txt,30791,5,2,yes,no,no,coverage_proven
crossing_the_chasm_moore.txt,71720,11,5,no,no,yes,chunked_not_certified
essays_of_warren_buffett.txt,119340,18,4,no,no,yes,chunked_not_certified
money_wealth_getting_ahead.txt,1687,1,4,yes,no,no,coverage_proven
king_of_capital_blackstone.txt,127983,20,3,no,no,yes,chunked_not_certified
the_power_law_mallaby.txt,198120,30,3,no,no,yes,chunked_not_certified
the_most_important_thing_marks.txt,65219,10,4,no,no,yes,chunked_not_certified
psychology_of_money_housel.txt,52730,8,3,no,no,yes,chunked_not_certified
discourses_on_livy_machiavelli.txt,143936,22,12,no,no,yes,chunked_not_certified
purple_cow_godin.txt,34102,6,3,no,no,yes,chunked_not_certified
scientific_advertising_hopkins.txt,20851,4,5,yes,no,no,coverage_proven
obviously_awesome_dunford.txt,32666,5,4,yes,no,no,coverage_proven
differentiate_or_die_trout.txt,64749,10,5,no,no,yes,chunked_not_certified
alchemy_sutherland.txt,94620,15,4,no,no,yes,chunked_not_certified
building_a_storybrand_miller.txt,50907,8,4,no,no,yes,chunked_not_certified
cashvertising_whitman.txt,63572,10,4,no,no,yes,chunked_not_certified
breakthrough_advertising_schwartz.txt,69732,11,4,yes,no,no,coverage_proven
the_choice_factory_shotton.txt,46653,7,4,no,no,yes,chunked_not_certified
made_to_stick_heath.txt,91273,14,4,no,no,yes,chunked_not_certified
this_is_marketing_godin.txt,57131,9,4,no,no,yes,chunked_not_certified
hey_whipple_squeeze_this_sullivan.txt,101154,16,4,no,no,yes,chunked_not_certified
copywriters_handbook_bly.txt,106829,16,4,no,no,yes,chunked_not_certified
presuasion_cialdini.txt,125144,19,4,no,no,yes,chunked_not_certified
influence_cialdini.txt,109932,17,6,no,no,yes,chunked_not_certified
contagious_berger.txt,69151,11,5,no,no,yes,chunked_not_certified
100m_offers_hormozi.txt,45050,7,4,yes,no,no,coverage_proven
100m_leads_hormozi.txt,68196,11,4,no,no,yes,chunked_not_certified
opportunity_card_example.txt,416,1,2,no,no,no,chunked_not_certified
opp_hopper_biz_case.txt,1936,1,2,no,no,no,chunked_not_certified
shoe_dog_knight.txt,122165,19,6,no,no,yes,chunked_not_certified
stoute_powerhouse_talk.txt,76128,12,8,no,no,yes,chunked_not_certified
art_of_war_sun_tzu.txt,54488,9,9,no,no,yes,chunked_not_certified
icp_definition_worksheet.txt,2614,1,4,no,no,no,chunked_not_certified
weekly_reflections.txt,1399,1,4,no,no,no,chunked_not_certified
setting_goals.txt,1264,1,3,no,no,no,chunked_not_certified
blitzscaling_hoffman_yeh.txt,86784,13,6,no,no,yes,chunked_not_certified
amp_it_up_slootman.txt,49597,8,5,no,no,yes,chunked_not_certified
live_from_new_york_snl.txt,234078,35,5,no,no,yes,chunked_not_certified
those_guys_espn.txt,308249,47,6,no,no,yes,chunked_not_certified
tinderbox_hbo.txt,426623,64,6,no,no,yes,chunked_not_certified
eating_the_big_fish_morgan.txt,125574,19,4,no,no,yes,chunked_not_certified
tribes_godin.txt,31472,5,3,no,no,yes,chunked_not_certified
never_split_the_difference_voss.txt,82437,13,4,no,no,yes,chunked_not_certified
play_bigger_ramadan_lochhead.txt,81161,13,6,no,no,yes,chunked_not_certified
competing_against_luck_christensen.txt,83793,13,5,no,no,yes,chunked_not_certified
thucydides_peloponnesian_war.txt,352171,53,6,no,no,yes,chunked_not_certified
arrian_campaigns_of_alexander.txt,132066,20,4,no,no,yes,chunked_not_certified
engels_macedonian_logistics.txt,75417,12,3,no,no,yes,chunked_not_certified
herodotus_histories.txt,437833,66,5,no,no,yes,chunked_not_certified
predictably_irrational_ariely.txt,107956,17,15,no,no,yes,chunked_not_certified
the_intelligent_investor_graham.txt,45067,7,3,no,no,yes,chunked_not_certified
the_snowball_schroeder.txt,411944,62,3,no,no,yes,chunked_not_certified
the_lords_of_easy_money_leonard.txt,123219,19,3,no,no,yes,chunked_not_certified
security_analysis_graham_dodd.txt,391811,59,5,no,no,yes,chunked_not_certified
margin_of_safety_klarman.txt,72828,11,4,no,no,yes,chunked_not_certified
the_sovereign_individual_davidson.txt,160083,24,3,no,no,yes,chunked_not_certified
mastering_the_market_cycle_marks.txt,83674,13,3,no,no,yes,chunked_not_certified
the_new_tycoons_kelly.txt,80069,12,3,no,no,yes,chunked_not_certified
value_based_fees_weiss.txt,81605,13,2,no,no,yes,chunked_not_certified
getting_naked_lencioni.txt,47421,8,2,no,no,yes,chunked_not_certified
flawless_consulting_block.txt,107028,16,2,no,no,yes,chunked_not_certified
million_dollar_consulting_weiss.txt,143350,22,3,no,no,yes,chunked_not_certified
the_advantage_lencioni.txt,58648,9,2,no,no,yes,chunked_not_certified
managing_the_professional_service_firm_maister.txt,126173,19,2,yes,no,no,coverage_proven
the_mckinsey_way_rasiel.txt,42414,7,2,no,no,yes,chunked_not_certified
visual_story_block.txt,61118,10,3,no,no,yes,chunked_not_certified
anatomy_of_story_truby.txt,126225,19,5,no,no,yes,chunked_not_certified
hero_with_a_thousand_faces_campbell.txt,142097,22,4,no,no,yes,chunked_not_certified
save_the_cat_snyder.txt,59787,9,3,no,no,yes,chunked_not_certified
lean_startup_ries.txt,84808,13,5,no,no,yes,chunked_not_certified
hard_thing_horowitz.txt,78703,12,5,no,no,yes,chunked_not_certified
founders_dilemmas_wasserman.txt,145096,22,5,no,no,yes,chunked_not_certified
true_believer_hoffer.txt,48694,8,3,no,no,yes,chunked_not_certified
coddling_lukianoff_haidt.txt,119516,18,4,no,no,yes,chunked_not_certified
the_crowd_lebon.txt,56662,9,2,no,no,yes,chunked_not_certified
righteous_mind_haidt.txt,137786,21,5,no,no,yes,chunked_not_certified
status_and_culture_marx.txt,153405,23,8,no,no,yes,chunked_not_certified
the_status_game_storr.txt,129204,20,8,no,no,yes,chunked_not_certified
the_boron_letters_halbert.txt,43043,7,4,no,no,yes,chunked_not_certified
confessions_of_an_advertising_man_ogilvy.txt,42924,7,7,yes,no,no,coverage_proven
the_adweek_copywriting_handbook_sugarman.txt,107745,17,5,no,no,yes,chunked_not_certified
using_ai_x_gumroad_digital_products.txt,55649,9,3,no,no,yes,chunked_not_certified
claude_operating_manual.txt,2989,1,6,yes,no,no,coverage_proven
the_claude_stack.txt,13253,2,8,no,no,no,chunked_not_certified
ai_after_ramon.txt,137066,21,5,no,no,yes,chunked_not_certified
claude_cowork_genius.txt,66376,10,4,yes,no,no,coverage_proven
the_prince_machiavelli.txt,140507,21,4,no,no,yes,chunked_not_certified
on_war_clausewitz.txt,115527,18,5,no,no,yes,chunked_not_certified
landmark_caesar.txt,187008,28,4,no,no,yes,chunked_not_certified
meditations_marcus_aurelius.txt,154648,24,5,no,no,yes,chunked_not_certified
noise_kahneman_sibony_sunstein.txt,133394,20,4,no,no,yes,chunked_not_certified
thinking_fast_and_slow_kahneman.txt,190774,29,8,no,no,yes,chunked_not_certified
the_chiffon_trenches_talley.txt,87847,14,3,no,no,yes,chunked_not_certified
dior_by_dior_dior.txt,73252,11,4,no,no,yes,chunked_not_certified
the_little_dictionary_of_fashion_dior.txt,18733,3,2,no,no,yes,chunked_not_certified
the_beautiful_fall_drake.txt,169922,26,4,no,no,yes,chunked_not_certified
the_prophet_gibran.txt,12924,2,4,no,no,no,chunked_not_certified
lolita_nabokov.txt,111150,17,6,no,no,yes,chunked_not_certified
as_a_man_thinketh_allen.txt,7584,2,5,no,no,no,chunked_not_certified
ulysses_joyce.txt,291503,44,7,no,no,yes,chunked_not_certified
slaughterhouse_five_vonnegut.txt,49544,8,5,no,no,yes,chunked_not_certified
the_kite_runner_hosseini.txt,115758,18,5,no,no,yes,chunked_not_certified
mj_moonwalk.txt,53204,8,7,no,no,yes,chunked_not_certified
ai_phone_call_assistant.txt,287,1,5,no,no,no,chunked_not_certified
master_prompt_agent_chat_input.txt,227,1,3,no,no,no,chunked_not_certified
prompt_writing_agent_normal_model.txt,323,1,0,no,no,no,extracted_only_provisional
prompt_writing_agent_deep_reasoning.txt,329,1,2,no,no,no,chunked_not_certified
n8n_retellai.txt,370,1,6,no,no,no,chunked_not_certified
master_prompt_agent_form_submission.txt,189,1,2,no,no,no,chunked_not_certified
handmaids_tale_atwood.txt,97147,15,5,no,no,yes,chunked_not_certified
brave_new_world_revisited_huxley.txt,34610,6,7,no,no,yes,chunked_not_certified
animal_farm_orwell.txt,30035,5,5,no,no,yes,chunked_not_certified
high_level_convos.txt,684626,103,25,yes,no,no,coverage_proven
claude_for_small_business_organized.txt,2854,1,8,yes,no,no,coverage_proven
claude_for_small_business_legacy_quote_recovery.txt,66234,10,0,no,no,yes,extracted_only_provisional
hello_my_name_is_awesome_watkins.txt,23925,4,2,no,no,yes,chunked_not_certified
brand_naming_meyerson.txt,43009,7,2,no,no,yes,chunked_not_certified
the_brand_gap_neumeier.txt,22630,4,4,no,no,yes,chunked_not_certified
identity_designed_airey.txt,55889,9,3,no,no,yes,chunked_not_certified
designing_brand_identity_wheeler.txt,97191,15,4,no,no,yes,chunked_not_certified
bluest_eye_morrison.txt,53600,8,9,no,no,yes,chunked_not_certified
color_purple_collection_walker.txt,257368,39,10,no,no,yes,chunked_not_certified
their_eyes_hurston.txt,71033,11,9,no,no,yes,chunked_not_certified
new_rules_kelly.txt,61078,10,3,no,no,yes,chunked_not_certified
great_online_game_mccormick.txt,4343,1,1,no,no,no,chunked_not_certified
long_tail_anderson.txt,75305,12,4,no,no,yes,chunked_not_certified
the_inevitable_kelly.txt,108050,17,5,no,no,yes,chunked_not_certified
free_anderson.txt,74656,12,3,no,no,yes,chunked_not_certified
prompt_template_thought_generation.txt,314,1,2,no,no,no,chunked_not_certified
prompt_template_problem_decomposition.txt,317,1,1,no,no,no,chunked_not_certified
prompt_template_combining_techniques.txt,420,1,3,no,no,no,chunked_not_certified
prompt_template_self_criticism_advanced.txt,266,1,2,no,no,no,chunked_not_certified
prompt_template_in_context.txt,303,1,3,no,no,no,chunked_not_certified
prompt_template_self_criticism_basic.txt,269,1,1,no,no,no,chunked_not_certified
grace_a_memoir_coddington.txt,82007,13,7,no,no,yes,chunked_not_certified
total_recall_schwarzenegger.txt,242002,37,9,no,no,yes,chunked_not_certified
emyth_revisited_gerber.txt,66283,10,3,no,no,yes,chunked_not_certified
built_to_sell_warrillow.txt,38682,6,3,no,no,yes,chunked_not_certified
reengineering_hammer_champy.txt,79110,12,3,no,no,yes,chunked_not_certified
the_goal_goldratt.txt,143658,22,5,no,no,yes,chunked_not_certified
no_filter_instagram_frier.txt,115806,18,4,no,no,yes,chunked_not_certified
made_in_japan_morita.txt,135753,21,3,no,no,yes,chunked_not_certified
grinding_it_out_kroc.txt,70620,11,3,no,no,yes,chunked_not_certified
that_will_never_work_randolph.txt,102037,16,4,no,no,yes,chunked_not_certified
dv_vreeland.txt,65693,10,5,no,no,yes,chunked_not_certified
losing_my_virginity_branson.txt,181881,28,3,no,no,yes,chunked_not_certified
hit_men_dannen.txt,152952,23,8,no,no,yes,chunked_not_certified
the_mailroom_rensin.txt,169850,26,7,no,no,yes,chunked_not_certified
napoleon_a_life_roberts.txt,385251,58,14,no,no,yes,chunked_not_certified
team_of_rivals_goodwin.txt,90717,14,1,no,no,yes,chunked_not_certified
measure_what_matters_doerr.txt,71642,11,2,no,no,yes,chunked_not_certified
turn_the_ship_around_marquet.txt,65697,10,2,no,no,yes,chunked_not_certified
the_dichotomy_of_leadership_willink_babin.txt,96028,15,1,no,no,yes,chunked_not_certified
high_output_management_grove.txt,68084,11,3,no,no,yes,chunked_not_certified
the_culture_code_coyle.txt,63281,10,2,no,no,yes,chunked_not_certified
leadership_in_turbulent_times_goodwin.txt,195517,30,1,no,no,yes,chunked_not_certified
radical_candor_scott.txt,93384,14,2,no,no,yes,chunked_not_certified
extreme_ownership_willink_babin.txt,84758,13,2,no,no,yes,chunked_not_certified
mastery_greene.txt,153468,23,5,no,no,yes,chunked_not_certified
the_50th_law_50cent_greene.txt,71830,11,3,no,no,yes,chunked_not_certified
laws_of_human_nature_greene.txt,270897,41,8,no,no,yes,chunked_not_certified
chat_Sniped_MAster_thread.txt,69537,11,8,yes,no,no,coverage_proven
The_Copywriting_Stack.txt,5975,1,0,no,no,no,extracted_only_provisional
PHOTOGRAPHY_MASTERCLASS.txt,37635,6,0,no,no,yes,extracted_only_provisional
The_Offer_Stack.txt,12207,2,0,yes,no,no,coverage_proven
The_Revenue_Stack.txt,11552,2,0,yes,no,no,coverage_proven
The_Attention_Stack.txt,11141,2,0,yes,no,no,coverage_proven
Gemini_Sniped_MAster_thread.txt,37131,6,7,yes,no,no,coverage_proven
The_Outbound_Stack.txt,6186,1,0,no,no,no,extracted_only_provisional
The_Production_Stack.txt,10628,2,0,yes,no,no,coverage_proven
sniped_figma.txt,73184,11,0,yes,no,no,coverage_proven
The_Platform_Stack.txt,12341,2,0,yes,no,no,coverage_proven
The_Adobe_Stack_Manual.txt,4608,1,0,yes,no,no,coverage_proven
AI_PHOTOGRAPHERS.txt,62847,10,0,no,no,yes,extracted_only_provisional
