seg,t_start,t_end,dur_s,source,type,motion,audio
1,0,11,11,S01_open_vault.png,still,ken-burns push,room-tone; VO in @4.5s
2,11,20,9,S04_plinth_shadow.png,still,ken-burns,VO problem
3,20,25,5,clip2_vaultdoor.mp4,seedance i2v,vault-door push,VO turn
4,25,30,5,clip1_openvault.mp4,seedance i2v,light push-in,VO
5,30,38,8,S05_vault_door.jpg,still,ken-burns,VO claim
6,38,46,8,S09_silhouette_owner.png,still,ken-burns,VO (faceless)
7,46,54,8,S11_long_gallery.png,still,ken-burns,VO world
8,54,62,8,SOLE_seal_FINAL_1x1.png (Blender),still,push-in,VO sign-off + STRIKE SFX @55s
9,62,70,8,cardD.png,title card,static hold,final line + decay
